loan_id,customer_id,loan_origination_date,loan_amount,transaction_date,transaction_amount,counterparty_name,Label
L001,CUS1001,2025-06-01,200000,2025-06-03,80000,ABC Securities Co.,0
L001,CUS1001,2025-06-01,200000,2025-06-04,70000,XYZ Fund Ltd.,1
L001,CUS1001,2025-06-01,200000,2025-06-08,50000,Grocery Store,0
L002,CUS2002,2025-07-15,150000,2025-07-16,30000,DEF Insurance Corp.,0
L002,CUS2002,2025-07-15,150000,2025-07-20,45000,Home Goods Inc.,0
L003,CUS3003,2025-05-10,300000,2025-05-12,100000,Real Estate Brokers LLC,1
L003,CUS3003,2025-05-10,300000,2025-05-15,50000,Restaurant,0
L004,CUS4004,2025-04-01,100000,2025-04-03,30000,Investment Fund Partners,0