StandardFieldName,Description,Example
std_loan_id,Unique identifier for the loan,L1001
std_customer_id,Unique identifier for the customer,C201
std_transaction_date,Date of the transaction,2025-01-15
std_merchant_category,Merchant or industry category of the transaction,Real Estate
std_transaction_amount,Amount of the transaction,45000
std_loan_amount,Original amount of the loan,150000
std_collateral_id,Unique identifier of collateral,COL501
std_initial_value,Initial valuation of the collateral,300000
std_latest_value,Latest valuation of the collateral,220000
std_valuation_date,Date of latest valuation,2025-01-10
std_consumer_loan_id,Identifier of the consumer loan,CL1000
std_mortgage_account_id,Identifier of the mortgage loan,M600
std_payment_date,Date of a payment,2025-01-05
std_payment_amount,Amount of each payment,35000
std_consumer_loan_amount,Original consumer loan amount,120000
std_month,Year-month of the transaction volume,2025-02
std_monthly_volume,Monthly aggregated transaction amount,600000
std_previous_average,Average monthly volume over previous months,200000
