consumer_loan_id,loan_amount,mortgage_account,repayment_amount,repay_ratio,flagged
CL001,33720,MA001,18356,0.54,True
CL002,45343,MA002,18417,0.41,False
CL003,16637,MA003,14670,0.88,True
CL004,40280,MA004,19262,0.48,False
CL005,41019,MA005,19390,0.47,False
CL006,28898,MA006,10684,0.37,False
CL007,43867,MA007,17943,0.41,False
CL008,24696,MA008,14732,0.6,True
CL009,43201,MA009,27625,0.64,True
CL010,45541,MA010,19723,0.43,False
CL011,15167,MA011,11534,0.76,True
CL012,21071,MA012,13619,0.65,True
CL013,42031,MA013,16841,0.4,False
CL014,16548,MA014,8612,0.52,True
CL015,30084,MA015,17484,0.58,True
CL016,31418,MA016,21758,0.69,True
CL017,39547,MA017,30682,0.78,True
CL018,18170,MA018,12679,0.7,True
CL019,25905,MA019,17299,0.67,True
CL020,30026,MA020,26858,0.89,True
