loan_id,loan_amount,loan_date,counterpart_name,transaction_amount,is_prohibited
L001,93567,2024-01-01,Real Estate Co.,75938,True
L002,167952,2024-01-16,Healthcare Inc.,53225,False
L003,145939,2024-01-31,Investment Fund,124905,True
L004,147639,2024-02-15,Real Estate Co.,125623,True
L005,91993,2024-03-01,Technology LLC,78676,False
L006,172579,2024-03-16,Investment Fund,198357,True
L007,136293,2024-03-31,Insurance Agent,124522,True
L008,162420,2024-04-15,Investment Fund,101278,True
L009,98600,2024-04-30,Investment Fund,68362,True
L010,102620,2024-05-15,Real Estate Co.,95217,True
L011,130186,2024-05-30,Technology LLC,46112,False
L012,67089,2024-06-14,Technology LLC,60386,False
L013,158631,2024-06-29,Technology LLC,143334,False
L014,151201,2024-07-14,Real Estate Co.,73989,False
L015,132457,2024-07-29,Healthcare Inc.,55106,False
L016,187993,2024-08-13,Commodity Broker,109766,True
L017,117699,2024-08-28,Investment Fund,73837,True
L018,120608,2024-09-12,Investment Fund,98075,True
L019,57877,2024-09-27,Healthcare Inc.,40209,False
L020,133966,2024-10-12,Commodity Broker,159357,True
