Standard_Field,Description,Rule_IDs,Example_Value,Your_Field_Name
loan_id,Unique identifier for each loan,R01;R02;R03,12345678,
customer_id,Unique identifier for each borrower,R01;R03,CUS987654,
loan_origination_date,Date when the loan was funded/disbursed,R01;R03,2025-01-15,
loan_amount,Total principal amount of the loan,R01,500000.00,
transaction_date,Date of each account transaction,R01;R03,2025-01-18,
transaction_amount,Amount of each transaction,R01;R03,25000.00,
counterparty_name,Name of the receiving party in a transfer,R01,ABC Real Estate LLC,
collateral_id,Unique identifier for an item of collateral,R02,PLG00123,
initial_appraisal_value,Value of collateral at origination,R02,350000.00,
latest_appraisal_value,Most recent appraised value,R02,260000.00,
borrower_id,Unique identifier for the borrower (may match customer_id),R02;R03,CUS987654,
collateral_type,Category/type of collateral,R02,Real Estate,
business_entity_name,Name of borrower’s business or operating entity,R03,ABC Trading Co.,
sum_last_6m,Total inflow for the last 6 months before loan origination,R03,120000.00,
sum_prev_6m,Total inflow for the 6 months prior to the last 6 months,R03,50000.00,